hour,actual,predictions
2012-03-01 00:00:00,31.0,21.6328125
2012-03-01 01:00:00,18.0,22.6015625
2012-03-01 02:00:00,37.0,25.734375
2012-03-01 03:00:00,23.0,21.5
2012-03-01 04:00:00,14.0,14.859375
2012-03-01 05:00:00,8.0,9.7421875
2012-03-01 06:00:00,2.0,5.515625
2012-03-01 07:00:00,2.0,0.8359375
2012-03-01 08:00:00,1.0,0
2012-03-01 09:00:00,2.0,0
2012-03-01 10:00:00,6.0,0
2012-03-01 11:00:00,7.0,2.65625
2012-03-01 12:00:00,7.0,4.875
2012-03-01 13:00:00,8.0,6.1953125
2012-03-01 14:00:00,7.0,5.53125
2012-03-01 15:00:00,12.0,6.046875
2012-03-01 16:00:00,5.0,5.6015625
2012-03-01 17:00:00,8.0,6.6484375
2012-03-01 18:00:00,7.0,7.3828125
2012-03-01 19:00:00,13.0,7.6640625
2012-03-01 20:00:00,6.0,8.9765625
2012-03-01 21:00:00,7.0,12.703125
2012-03-01 22:00:00,12.0,18.546875
2012-03-01 23:00:00,25.0,22.734375
2012-03-02 00:00:00,12.0,23.1640625
2012-03-02 01:00:00,24.0,24.1328125
2012-03-02 02:00:00,25.0,27.2734375
2012-03-02 03:00:00,19.0,23.0390625
2012-03-02 04:00:00,26.0,16.390625
2012-03-02 05:00:00,16.0,11.28125
2012-03-02 06:00:00,17.0,7.0546875
2012-03-02 07:00:00,5.0,2.375
2012-03-02 08:00:00,2.0,0.265625
2012-03-02 09:00:00,1.0,0
2012-03-02 10:00:00,4.0,1.203125
2012-03-02 11:00:00,8.0,4.1953125
2012-03-02 12:00:00,8.0,6.4140625
2012-03-02 13:00:00,16.0,7.734375
2012-03-02 14:00:00,11.0,7.0625
2012-03-02 15:00:00,4.0,7.59375
2012-03-02 16:00:00,6.0,7.140625
2012-03-02 17:00:00,10.0,8.1875
2012-03-02 18:00:00,8.0,8.921875
2012-03-02 19:00:00,8.0,9.203125
2012-03-02 20:00:00,12.0,10.515625
2012-03-02 21:00:00,12.0,14.234375
2012-03-02 22:00:00,10.0,20.09375
2012-03-02 23:00:00,50.0,24.28125
2012-03-03 00:00:00,38.0,31.7890625
2012-03-03 01:00:00,45.0,32.7578125
2012-03-03 02:00:00,26.0,35.890625
2012-03-03 03:00:00,46.0,31.65625
2012-03-03 04:00:00,57.0,25.015625
2012-03-03 05:00:00,45.0,19.8984375
2012-03-03 06:00:00,35.0,15.671875
2012-03-03 07:00:00,20.0,10.9921875
2012-03-03 08:00:00,6.0,8.875
2012-03-03 09:00:00,5.0,8.59375
2012-03-03 10:00:00,4.0,9.8203125
2012-03-03 11:00:00,2.0,12.8125
2012-03-03 12:00:00,6.0,15.03125
2012-03-03 13:00:00,11.0,16.3515625
2012-03-03 14:00:00,7.0,15.6875
2012-03-03 15:00:00,8.0,16.203125
2012-03-03 16:00:00,11.0,15.7578125
2012-03-03 17:00:00,13.0,16.8046875
2012-03-03 18:00:00,17.0,17.5390625
2012-03-03 19:00:00,13.0,17.8203125
2012-03-03 20:00:00,11.0,19.1328125
2012-03-03 21:00:00,22.0,22.859375
2012-03-03 22:00:00,28.0,28.703125
2012-03-03 23:00:00,45.0,32.890625
2012-03-04 00:00:00,44.0,32.671875
2012-03-04 01:00:00,36.0,33.640625
2012-03-04 02:00:00,42.0,36.7734375
2012-03-04 03:00:00,47.0,32.5390625
2012-03-04 04:00:00,50.0,25.8984375
2012-03-04 05:00:00,41.0,20.78125
2012-03-04 06:00:00,36.0,16.5546875
2012-03-04 07:00:00,29.0,11.875
2012-03-04 08:00:00,20.0,9.7578125
2012-03-04 09:00:00,9.0,9.4765625
2012-03-04 10:00:00,5.0,10.703125
2012-03-04 11:00:00,1.0,13.6953125
2012-03-04 12:00:00,3.0,15.9140625
2012-03-04 13:00:00,5.0,17.234375
2012-03-04 14:00:00,12.0,16.5703125
2012-03-04 15:00:00,12.0,17.0859375
2012-03-04 16:00:00,14.0,16.640625
2012-03-04 17:00:00,11.0,17.6875
2012-03-04 18:00:00,12.0,18.421875
2012-03-04 19:00:00,10.0,18.703125
2012-03-04 20:00:00,10.0,20.015625
2012-03-04 21:00:00,12.0,23.7421875
2012-03-04 22:00:00,17.0,29.5859375
2012-03-04 23:00:00,21.0,33.7734375
2012-03-05 00:00:00,14.0,18.2578125
2012-03-05 01:00:00,8.0,19.2265625
2012-03-05 02:00:00,20.0,22.3671875
2012-03-05 03:00:00,9.0,18.1328125
2012-03-05 04:00:00,8.0,11.484375
2012-03-05 05:00:00,4.0,6.375
2012-03-05 06:00:00,4.0,2.1484375
2012-03-05 08:00:00,1.0,0
2012-03-05 09:00:00,3.0,0
2012-03-05 10:00:00,6.0,0
2012-03-05 11:00:00,5.0,0
2012-03-05 12:00:00,5.0,1.5078125
2012-03-05 13:00:00,20.0,2.828125
2012-03-05 14:00:00,9.0,2.15625
2012-03-05 15:00:00,6.0,2.6875
2012-03-05 16:00:00,11.0,2.234375
2012-03-05 17:00:00,7.0,3.28125
2012-03-05 18:00:00,9.0,4.015625
2012-03-05 19:00:00,7.0,4.296875
2012-03-05 20:00:00,10.0,5.609375
2012-03-05 21:00:00,10.0,9.328125
2012-03-05 22:00:00,13.0,15.1875
2012-03-05 23:00:00,13.0,19.375
2012-03-06 00:00:00,14.0,18.4765625
2012-03-06 01:00:00,24.0,19.4453125
2012-03-06 02:00:00,23.0,22.5859375
2012-03-06 03:00:00,15.0,18.3515625
2012-03-06 04:00:00,13.0,11.703125
2012-03-06 05:00:00,7.0,6.59375
2012-03-06 06:00:00,6.0,2.3671875
2012-03-06 09:00:00,2.0,0
2012-03-06 10:00:00,4.0,0
2012-03-06 11:00:00,6.0,0
2012-03-06 12:00:00,4.0,1.7265625
2012-03-06 13:00:00,9.0,3.046875
2012-03-06 14:00:00,5.0,2.375
2012-03-06 15:00:00,10.0,2.90625
2012-03-06 16:00:00,5.0,2.453125
2012-03-06 17:00:00,6.0,3.5
2012-03-06 18:00:00,3.0,4.234375
2012-03-06 19:00:00,9.0,4.515625
2012-03-06 20:00:00,12.0,5.828125
2012-03-06 21:00:00,12.0,9.546875
2012-03-06 22:00:00,11.0,15.40625
2012-03-06 23:00:00,20.0,19.59375
2012-03-07 00:00:00,29.0,20.1796875
2012-03-07 01:00:00,21.0,21.1484375
2012-03-07 02:00:00,15.0,24.28125
2012-03-07 03:00:00,16.0,20.046875
2012-03-07 04:00:00,10.0,13.40625
2012-03-07 05:00:00,6.0,8.296875
2012-03-07 06:00:00,5.0,4.0625
2012-03-07 07:00:00,3.0,0
2012-03-07 08:00:00,4.0,0
2012-03-07 09:00:00,2.0,0
2012-03-07 10:00:00,1.0,0
2012-03-07 11:00:00,5.0,1.203125
2012-03-07 12:00:00,13.0,3.421875
2012-03-07 13:00:00,14.0,4.75
2012-03-07 14:00:00,7.0,4.078125
2012-03-07 15:00:00,13.0,4.6015625
2012-03-07 16:00:00,9.0,4.15625
2012-03-07 17:00:00,7.0,5.203125
2012-03-07 18:00:00,12.0,5.9375
2012-03-07 19:00:00,6.0,6.21875
2012-03-07 20:00:00,5.0,7.53125
2012-03-07 21:00:00,10.0,11.25
2012-03-07 22:00:00,15.0,17.1015625
2012-03-07 23:00:00,22.0,21.2890625
2012-03-08 00:00:00,17.0,22.5078125
2012-03-08 01:00:00,25.0,23.4765625
2012-03-08 02:00:00,23.0,26.609375
2012-03-08 03:00:00,27.0,22.375
2012-03-08 04:00:00,21.0,15.734375
2012-03-08 05:00:00,8.0,10.6171875
2012-03-08 06:00:00,5.0,6.390625
2012-03-08 07:00:00,4.0,1.7109375
2012-03-08 08:00:00,1.0,0
2012-03-08 09:00:00,2.0,0
2012-03-08 10:00:00,4.0,0.5390625
2012-03-08 11:00:00,9.0,3.53125
2012-03-08 12:00:00,7.0,5.75
2012-03-08 13:00:00,13.0,7.0703125
2012-03-08 14:00:00,7.0,6.40625
2012-03-08 15:00:00,7.0,6.921875
2012-03-08 16:00:00,8.0,6.4765625
2012-03-08 17:00:00,16.0,7.5234375
2012-03-08 18:00:00,10.0,8.2578125
2012-03-08 19:00:00,10.0,8.5390625
2012-03-08 20:00:00,8.0,9.8515625
2012-03-08 21:00:00,11.0,13.578125
2012-03-08 22:00:00,12.0,19.421875
2012-03-08 23:00:00,32.0,23.609375
2012-03-09 00:00:00,31.0,24.0390625
2012-03-09 01:00:00,16.0,25.0078125
2012-03-09 02:00:00,28.0,28.1484375
2012-03-09 03:00:00,23.0,23.9140625
2012-03-09 04:00:00,28.0,17.265625
2012-03-09 05:00:00,12.0,12.15625
2012-03-09 06:00:00,10.0,7.9296875
2012-03-09 07:00:00,3.0,3.25
2012-03-09 08:00:00,2.0,1.140625
2012-03-09 09:00:00,6.0,0.859375
2012-03-09 10:00:00,6.0,2.078125
2012-03-09 11:00:00,5.0,5.0703125
2012-03-09 12:00:00,5.0,7.2890625
2012-03-09 13:00:00,8.0,8.609375
2012-03-09 14:00:00,13.0,7.9375
2012-03-09 15:00:00,14.0,8.46875
2012-03-09 16:00:00,4.0,8.015625
2012-03-09 17:00:00,14.0,9.0625
2012-03-09 18:00:00,10.0,9.796875
2012-03-09 19:00:00,5.0,10.078125
2012-03-09 20:00:00,21.0,11.390625
2012-03-09 21:00:00,11.0,15.109375
2012-03-09 22:00:00,17.0,20.96875
2012-03-09 23:00:00,22.0,25.15625
2012-03-10 00:00:00,27.0,32.6640625
2012-03-10 01:00:00,36.0,33.6328125
2012-03-10 02:00:00,32.0,36.765625
2012-03-10 03:00:00,33.0,32.53125
2012-03-10 04:00:00,35.0,25.890625
2012-03-10 05:00:00,36.0,20.7734375
2012-03-10 06:00:00,29.0,16.546875
2012-03-10 07:00:00,18.0,11.8671875
2012-03-10 08:00:00,7.0,9.75
2012-03-10 09:00:00,2.0,9.46875
2012-03-10 10:00:00,3.0,10.6953125
2012-03-10 11:00:00,4.0,13.6875
2012-03-10 12:00:00,6.0,15.90625
2012-03-10 13:00:00,6.0,17.2265625
2012-03-10 14:00:00,7.0,16.5625
2012-03-10 15:00:00,9.0,17.078125
2012-03-10 16:00:00,14.0,16.6328125
2012-03-10 17:00:00,11.0,17.6796875
2012-03-10 18:00:00,16.0,18.4140625
2012-03-10 19:00:00,12.0,18.6953125
2012-03-10 20:00:00,20.0,20.0078125
2012-03-10 21:00:00,19.0,23.734375
2012-03-10 22:00:00,27.0,29.578125
2012-03-10 23:00:00,39.0,33.765625
2012-03-11 00:00:00,50.0,33.546875
2012-03-11 01:00:00,40.0,34.515625
2012-03-11 02:00:00,44.0,37.6484375
2012-03-11 03:00:00,50.0,33.4140625
2012-03-11 04:00:00,43.0,26.7734375
2012-03-11 05:00:00,40.0,21.65625
2012-03-11 06:00:00,27.0,17.4296875
2012-03-11 07:00:00,38.0,12.75
2012-03-11 08:00:00,11.0,10.6328125
2012-03-11 09:00:00,5.0,10.3515625
2012-03-11 10:00:00,4.0,11.578125
2012-03-11 11:00:00,1.0,14.5703125
2012-03-11 12:00:00,6.0,16.7890625
2012-03-11 13:00:00,14.0,18.109375
2012-03-11 14:00:00,4.0,17.4453125
2012-03-11 15:00:00,12.0,17.9609375
2012-03-11 16:00:00,10.0,17.515625
2012-03-11 17:00:00,14.0,18.5625
2012-03-11 18:00:00,11.0,19.296875
2012-03-11 19:00:00,9.0,19.578125
2012-03-11 20:00:00,7.0,20.890625
2012-03-11 21:00:00,16.0,24.6171875
2012-03-11 22:00:00,12.0,30.4609375
2012-03-11 23:00:00,11.0,34.6484375
2012-03-12 00:00:00,10.0,19.1328125
2012-03-12 01:00:00,12.0,20.1015625
2012-03-12 02:00:00,10.0,23.234375
2012-03-12 03:00:00,12.0,19.0
2012-03-12 04:00:00,5.0,12.3515625
2012-03-12 05:00:00,2.0,7.2421875
2012-03-12 06:00:00,4.0,3.015625
2012-03-12 07:00:00,5.0,0
2012-03-12 08:00:00,1.0,0
2012-03-12 09:00:00,3.0,0
2012-03-12 10:00:00,8.0,0
2012-03-12 11:00:00,7.0,0.15625
2012-03-12 12:00:00,9.0,2.375
2012-03-12 13:00:00,14.0,3.6953125
2012-03-12 14:00:00,6.0,3.0234375
2012-03-12 15:00:00,4.0,3.5546875
2012-03-12 16:00:00,8.0,3.1015625
2012-03-12 17:00:00,7.0,4.1484375
2012-03-12 18:00:00,1.0,4.8828125
2012-03-12 19:00:00,7.0,5.1640625
2012-03-12 20:00:00,10.0,6.4765625
2012-03-12 21:00:00,12.0,10.1953125
2012-03-12 22:00:00,11.0,16.0546875
2012-03-12 23:00:00,10.0,20.2421875
2012-03-13 00:00:00,8.0,19.3515625
2012-03-13 01:00:00,12.0,20.3203125
2012-03-13 02:00:00,17.0,23.453125
2012-03-13 03:00:00,17.0,19.21875
2012-03-13 04:00:00,4.0,12.5703125
2012-03-13 05:00:00,5.0,7.4609375
2012-03-13 06:00:00,2.0,3.234375
2012-03-13 07:00:00,3.0,0
2012-03-13 09:00:00,1.0,0
2012-03-13 10:00:00,5.0,0
2012-03-13 11:00:00,9.0,0.375
2012-03-13 12:00:00,7.0,2.59375
2012-03-13 13:00:00,7.0,3.9140625
2012-03-13 14:00:00,9.0,3.2421875
2012-03-13 15:00:00,8.0,3.7734375
2012-03-13 16:00:00,2.0,3.3203125
2012-03-13 17:00:00,8.0,4.3671875
2012-03-13 18:00:00,3.0,5.1015625
2012-03-13 19:00:00,3.0,5.3828125
2012-03-13 20:00:00,9.0,6.6953125
2012-03-13 21:00:00,8.0,10.4140625
2012-03-13 22:00:00,6.0,16.2734375
2012-03-13 23:00:00,11.0,20.4609375
2012-03-14 00:00:00,22.0,21.0546875
2012-03-14 01:00:00,18.0,22.0234375
2012-03-14 02:00:00,14.0,25.1484375
2012-03-14 03:00:00,9.0,20.9140625
2012-03-14 09:00:00,2.0,0
2012-03-14 10:00:00,10.0,0
2012-03-14 11:00:00,7.0,2.0703125
2012-03-14 12:00:00,12.0,4.2890625
2012-03-14 13:00:00,8.0,5.6171875
2012-03-14 14:00:00,7.0,4.9453125
2012-03-14 15:00:00,6.0,5.46875
2012-03-14 16:00:00,11.0,5.0234375
2012-03-14 17:00:00,2.0,6.0703125
2012-03-14 18:00:00,15.0,6.8046875
2012-03-14 19:00:00,9.0,7.0859375
2012-03-14 20:00:00,9.0,8.3984375
2012-03-14 21:00:00,16.0,12.1171875
2012-03-14 22:00:00,17.0,17.96875
2012-03-14 23:00:00,23.0,22.15625
2012-03-15 00:00:00,13.0,23.3828125
2012-03-15 01:00:00,14.0,24.3515625
2012-03-15 02:00:00,17.0,27.4765625
2012-03-15 03:00:00,7.0,23.2421875
2012-03-15 04:00:00,13.0,16.6015625
2012-03-15 05:00:00,3.0,11.484375
2012-03-15 06:00:00,4.0,7.2578125
2012-03-15 08:00:00,5.0,0.4609375
2012-03-15 09:00:00,5.0,0.1796875
2012-03-15 10:00:00,8.0,1.40625
2012-03-15 11:00:00,7.0,4.3984375
2012-03-15 12:00:00,16.0,6.6171875
2012-03-15 13:00:00,3.0,7.9375
2012-03-15 14:00:00,16.0,7.2734375
2012-03-15 15:00:00,6.0,7.7890625
2012-03-15 16:00:00,12.0,7.34375
2012-03-15 17:00:00,11.0,8.390625
2012-03-15 18:00:00,10.0,9.125
2012-03-15 19:00:00,8.0,9.40625
2012-03-15 20:00:00,10.0,10.71875
2012-03-15 21:00:00,12.0,14.4453125
2012-03-15 22:00:00,29.0,20.2890625
2012-03-15 23:00:00,26.0,24.4765625
2012-03-16 00:00:00,17.0,24.9140625
2012-03-16 01:00:00,19.0,25.8828125
2012-03-16 02:00:00,30.0,29.015625
2012-03-16 03:00:00,19.0,24.78125
2012-03-16 04:00:00,9.0,18.1328125
2012-03-16 05:00:00,8.0,13.0234375
2012-03-16 06:00:00,2.0,8.796875
2012-03-16 08:00:00,1.0,2.0078125
2012-03-16 09:00:00,2.0,1.7265625
2012-03-16 10:00:00,6.0,2.9453125
2012-03-16 11:00:00,8.0,5.9375
2012-03-16 12:00:00,14.0,8.15625
2012-03-16 13:00:00,1.0,9.4765625
2012-03-16 14:00:00,12.0,8.8046875
2012-03-16 15:00:00,8.0,9.3359375
2012-03-16 16:00:00,11.0,8.8828125
2012-03-16 17:00:00,12.0,9.9296875
2012-03-16 18:00:00,6.0,10.6640625
2012-03-16 19:00:00,10.0,10.9453125
2012-03-16 20:00:00,11.0,12.2578125
2012-03-16 21:00:00,18.0,15.9765625
2012-03-16 22:00:00,20.0,21.8359375
2012-03-16 23:00:00,36.0,26.0234375
2012-03-17 00:00:00,23.0,33.5390625
2012-03-17 01:00:00,29.0,34.5078125
2012-03-17 02:00:00,30.0,37.6328125
2012-03-17 03:00:00,32.0,33.3984375
2012-03-17 04:00:00,28.0,26.7578125
2012-03-17 05:00:00,19.0,21.640625
2012-03-17 06:00:00,10.0,17.4140625
2012-03-17 07:00:00,6.0,12.734375
2012-03-17 08:00:00,3.0,10.6171875
2012-03-17 09:00:00,2.0,10.3359375
2012-03-17 10:00:00,5.0,11.5625
2012-03-17 11:00:00,8.0,14.5546875
2012-03-17 12:00:00,5.0,16.7734375
2012-03-17 13:00:00,8.0,18.09375
2012-03-17 14:00:00,6.0,17.4296875
2012-03-17 15:00:00,14.0,17.9453125
2012-03-17 16:00:00,20.0,17.5
2012-03-17 17:00:00,18.0,18.546875
2012-03-17 18:00:00,19.0,19.28125
2012-03-17 19:00:00,26.0,19.5625
2012-03-17 20:00:00,22.0,20.875
2012-03-17 21:00:00,45.0,24.6015625
2012-03-17 22:00:00,51.0,30.4453125
2012-03-17 23:00:00,58.0,34.6328125
2012-03-18 00:00:00,48.0,34.421875
2012-03-18 01:00:00,33.0,35.390625
2012-03-18 02:00:00,52.0,38.5234375
2012-03-18 03:00:00,58.0,34.2890625
2012-03-18 04:00:00,41.0,27.6484375
2012-03-18 05:00:00,38.0,22.53125
2012-03-18 06:00:00,21.0,18.3046875
2012-03-18 07:00:00,9.0,13.625
2012-03-18 08:00:00,3.0,11.5078125
2012-03-18 09:00:00,8.0,11.2265625
2012-03-18 10:00:00,1.0,12.453125
2012-03-18 11:00:00,6.0,15.4453125
2012-03-18 12:00:00,5.0,17.6640625
2012-03-18 13:00:00,7.0,18.984375
2012-03-18 14:00:00,16.0,18.3203125
2012-03-18 15:00:00,15.0,18.8359375
2012-03-18 16:00:00,12.0,18.390625
2012-03-18 17:00:00,12.0,19.4375
2012-03-18 18:00:00,17.0,20.171875
2012-03-18 19:00:00,19.0,20.453125
2012-03-18 20:00:00,17.0,21.765625
2012-03-18 21:00:00,13.0,25.4921875
2012-03-18 22:00:00,23.0,31.3359375
2012-03-18 23:00:00,19.0,35.5234375
2012-03-19 00:00:00,18.0,20.0078125
2012-03-19 01:00:00,14.0,20.9765625
2012-03-19 02:00:00,11.0,24.109375
2012-03-19 03:00:00,3.0,19.875
2012-03-19 04:00:00,6.0,13.2265625
2012-03-19 05:00:00,2.0,8.1171875
2012-03-19 06:00:00,1.0,3.890625
2012-03-19 08:00:00,2.0,0
2012-03-19 09:00:00,2.0,0
2012-03-19 10:00:00,3.0,0
2012-03-19 11:00:00,9.0,1.03125
2012-03-19 12:00:00,11.0,3.25
2012-03-19 13:00:00,7.0,4.5703125
2012-03-19 14:00:00,8.0,3.8984375
2012-03-19 15:00:00,14.0,4.4296875
2012-03-19 16:00:00,5.0,3.9765625
2012-03-19 17:00:00,12.0,5.0234375
2012-03-19 18:00:00,11.0,5.7578125
2012-03-19 19:00:00,8.0,6.0390625
2012-03-19 20:00:00,7.0,7.3515625
2012-03-19 21:00:00,13.0,11.0703125
2012-03-19 22:00:00,9.0,16.9296875
2012-03-19 23:00:00,14.0,21.1171875
2012-03-20 00:00:00,13.0,20.2265625
2012-03-20 01:00:00,17.0,21.1953125
2012-03-20 02:00:00,18.0,24.328125
2012-03-20 03:00:00,12.0,20.09375
2012-03-20 04:00:00,3.0,13.4453125
2012-03-20 06:00:00,4.0,4.109375
2012-03-20 09:00:00,1.0,0
2012-03-20 10:00:00,4.0,0
2012-03-20 11:00:00,10.0,1.25
2012-03-20 12:00:00,13.0,3.46875
2012-03-20 13:00:00,16.0,4.7890625
2012-03-20 14:00:00,9.0,4.1171875
2012-03-20 15:00:00,7.0,4.6484375
2012-03-20 16:00:00,7.0,4.1953125
2012-03-20 17:00:00,15.0,5.2421875
2012-03-20 18:00:00,10.0,5.9765625
2012-03-20 19:00:00,6.0,6.2578125
2012-03-20 20:00:00,9.0,7.5703125
2012-03-20 21:00:00,15.0,11.2890625
2012-03-20 22:00:00,20.0,17.1484375
2012-03-20 23:00:00,16.0,21.3359375
2012-03-21 00:00:00,21.0,21.9296875
2012-03-21 01:00:00,24.0,22.8984375
2012-03-21 02:00:00,12.0,26.0234375
2012-03-21 03:00:00,14.0,21.7890625
2012-03-21 04:00:00,6.0,15.1484375
2012-03-21 05:00:00,4.0,10.0390625
2012-03-21 06:00:00,2.0,5.8046875
2012-03-21 07:00:00,4.0,1.1328125
2012-03-21 08:00:00,4.0,0
2012-03-21 09:00:00,2.0,0
2012-03-21 10:00:00,8.0,0
2012-03-21 11:00:00,5.0,2.9453125
2012-03-21 12:00:00,16.0,5.1640625
2012-03-21 13:00:00,8.0,6.4921875
2012-03-21 14:00:00,6.0,5.8203125
2012-03-21 15:00:00,5.0,6.34375
2012-03-21 16:00:00,9.0,5.8984375
2012-03-21 17:00:00,10.0,6.9453125
2012-03-21 18:00:00,8.0,7.6796875
2012-03-21 19:00:00,11.0,7.9609375
2012-03-21 20:00:00,15.0,9.2734375
2012-03-21 21:00:00,14.0,12.9921875
2012-03-21 22:00:00,16.0,18.84375
2012-03-21 23:00:00,18.0,23.03125
2012-03-22 00:00:00,14.0,24.2578125
2012-03-22 01:00:00,22.0,25.2265625
2012-03-22 02:00:00,24.0,28.3515625
2012-03-22 03:00:00,12.0,24.1171875
2012-03-22 04:00:00,8.0,17.4765625
2012-03-22 05:00:00,2.0,12.359375
2012-03-22 06:00:00,3.0,8.1328125
2012-03-22 08:00:00,2.0,1.3359375
2012-03-22 09:00:00,2.0,1.0546875
2012-03-22 10:00:00,7.0,2.28125
2012-03-22 11:00:00,11.0,5.2734375
2012-03-22 12:00:00,14.0,7.4921875
2012-03-22 13:00:00,10.0,8.8125
2012-03-22 14:00:00,7.0,8.1484375
2012-03-22 15:00:00,13.0,8.6640625
2012-03-22 16:00:00,7.0,8.21875
2012-03-22 17:00:00,15.0,9.265625
2012-03-22 18:00:00,14.0,10.0
2012-03-22 19:00:00,9.0,10.28125
2012-03-22 20:00:00,11.0,11.59375
2012-03-22 21:00:00,13.0,15.3203125
2012-03-22 22:00:00,25.0,21.1640625
2012-03-22 23:00:00,19.0,25.3515625
2012-03-23 00:00:00,23.0,25.7890625
2012-03-23 01:00:00,27.0,26.7578125
2012-03-23 02:00:00,40.0,29.890625
2012-03-23 03:00:00,21.0,25.65625
2012-03-23 04:00:00,14.0,19.0078125
2012-03-23 05:00:00,6.0,13.8984375
2012-03-23 06:00:00,8.0,9.671875
2012-03-23 07:00:00,6.0,4.9921875
2012-03-23 08:00:00,5.0,2.8828125
2012-03-23 09:00:00,1.0,2.6015625
2012-03-23 10:00:00,2.0,3.8203125
2012-03-23 11:00:00,8.0,6.8125
2012-03-23 12:00:00,13.0,9.03125
2012-03-23 13:00:00,13.0,10.3515625
2012-03-23 14:00:00,17.0,9.6796875
2012-03-23 15:00:00,11.0,10.2109375
2012-03-23 16:00:00,10.0,9.7578125
2012-03-23 17:00:00,11.0,10.8046875
2012-03-23 18:00:00,10.0,11.5390625
2012-03-23 19:00:00,20.0,11.8203125
2012-03-23 20:00:00,12.0,13.1328125
2012-03-23 21:00:00,22.0,16.8515625
2012-03-23 22:00:00,31.0,22.7109375
2012-03-23 23:00:00,34.0,26.8984375
2012-03-24 00:00:00,31.0,34.4140625
2012-03-24 01:00:00,32.0,35.3828125
2012-03-24 02:00:00,44.0,38.5078125
2012-03-24 03:00:00,37.0,34.2734375
2012-03-24 04:00:00,38.0,27.6328125
2012-03-24 05:00:00,22.0,22.515625
2012-03-24 06:00:00,15.0,18.2890625
2012-03-24 07:00:00,14.0,13.609375
2012-03-24 08:00:00,5.0,11.4921875
2012-03-24 09:00:00,3.0,11.2109375
2012-03-24 10:00:00,3.0,12.4375
2012-03-24 11:00:00,5.0,15.4296875
2012-03-24 12:00:00,6.0,17.6484375
2012-03-24 13:00:00,12.0,18.96875
2012-03-24 14:00:00,8.0,18.3046875
2012-03-24 15:00:00,21.0,18.8203125
2012-03-24 16:00:00,14.0,18.375
2012-03-24 17:00:00,7.0,19.421875
2012-03-24 18:00:00,12.0,20.15625
2012-03-24 19:00:00,24.0,20.4375
2012-03-24 20:00:00,28.0,21.75
2012-03-24 21:00:00,34.0,25.4765625
2012-03-24 22:00:00,54.0,31.3203125
2012-03-24 23:00:00,48.0,35.5078125
2012-03-25 00:00:00,46.0,35.296875
2012-03-25 01:00:00,50.0,36.265625
2012-03-25 02:00:00,49.0,39.3984375
2012-03-25 03:00:00,69.0,35.1640625
2012-03-25 04:00:00,59.0,28.5234375
2012-03-25 05:00:00,31.0,23.40625
2012-03-25 06:00:00,56.0,19.1796875
2012-03-25 07:00:00,15.0,14.5
2012-03-25 08:00:00,5.0,12.3828125
2012-03-25 09:00:00,1.0,12.1015625
2012-03-25 10:00:00,5.0,13.328125
2012-03-25 11:00:00,4.0,16.3203125
2012-03-25 12:00:00,7.0,18.5390625
2012-03-25 13:00:00,4.0,19.859375
2012-03-25 14:00:00,14.0,19.1953125
2012-03-25 15:00:00,13.0,19.7109375
2012-03-25 16:00:00,13.0,19.265625
2012-03-25 17:00:00,11.0,20.3125
2012-03-25 18:00:00,20.0,21.046875
2012-03-25 19:00:00,9.0,21.328125
2012-03-25 20:00:00,17.0,22.640625
2012-03-25 21:00:00,19.0,26.3671875
2012-03-25 22:00:00,14.0,32.2109375
2012-03-25 23:00:00,17.0,36.3984375
2012-03-26 00:00:00,15.0,20.8828125
2012-03-26 01:00:00,14.0,21.8515625
2012-03-26 02:00:00,9.0,24.984375
2012-03-26 03:00:00,12.0,20.75
2012-03-26 04:00:00,2.0,14.1015625
2012-03-26 05:00:00,10.0,8.9921875
2012-03-26 06:00:00,4.0,4.765625
2012-03-26 07:00:00,1.0,0.0859375
2012-03-26 08:00:00,3.0,0
2012-03-26 09:00:00,4.0,0
2012-03-26 10:00:00,7.0,0
2012-03-26 11:00:00,7.0,1.90625
2012-03-26 12:00:00,8.0,4.125
2012-03-26 13:00:00,10.0,5.4453125
2012-03-26 14:00:00,8.0,4.7734375
2012-03-26 15:00:00,8.0,5.3046875
2012-03-26 16:00:00,9.0,4.8515625
2012-03-26 17:00:00,7.0,5.8984375
2012-03-26 18:00:00,12.0,6.6328125
2012-03-26 19:00:00,9.0,6.9140625
2012-03-26 20:00:00,7.0,8.2265625
2012-03-26 21:00:00,11.0,11.9453125
2012-03-26 22:00:00,13.0,17.8046875
2012-03-26 23:00:00,10.0,21.9921875
2012-03-27 00:00:00,12.0,21.1015625
2012-03-27 01:00:00,20.0,22.0703125
2012-03-27 02:00:00,29.0,25.203125
2012-03-27 03:00:00,11.0,20.96875
2012-03-27 04:00:00,6.0,14.3203125
2012-03-27 05:00:00,4.0,9.2109375
2012-03-27 07:00:00,1.0,0.3046875
2012-03-27 08:00:00,2.0,0
2012-03-27 09:00:00,6.0,0
2012-03-27 10:00:00,1.0,0
2012-03-27 11:00:00,6.0,2.125
2012-03-27 12:00:00,12.0,4.34375
2012-03-27 13:00:00,8.0,5.6640625
2012-03-27 14:00:00,6.0,4.9921875
2012-03-27 15:00:00,9.0,5.5234375
2012-03-27 16:00:00,6.0,5.0703125
2012-03-27 17:00:00,8.0,6.1171875
2012-03-27 18:00:00,6.0,6.8515625
2012-03-27 19:00:00,12.0,7.1328125
2012-03-27 20:00:00,4.0,8.4453125
2012-03-27 21:00:00,15.0,12.1640625
2012-03-27 22:00:00,17.0,18.0234375
2012-03-27 23:00:00,20.0,22.2109375
2012-03-28 00:00:00,13.0,22.8046875
2012-03-28 01:00:00,13.0,23.7734375
2012-03-28 02:00:00,27.0,26.8984375
2012-03-28 03:00:00,14.0,22.6640625
2012-03-28 04:00:00,10.0,16.0234375
2012-03-28 05:00:00,1.0,10.9140625
2012-03-28 06:00:00,1.0,6.6796875
2012-03-28 07:00:00,2.0,2.0078125
2012-03-28 09:00:00,5.0,0
2012-03-28 10:00:00,7.0,0.8359375
2012-03-28 11:00:00,16.0,3.8203125
2012-03-28 12:00:00,10.0,6.0390625
2012-03-28 13:00:00,9.0,7.3671875
2012-03-28 14:00:00,10.0,6.6953125
2012-03-28 15:00:00,13.0,7.21875
2012-03-28 16:00:00,13.0,6.7734375
2012-03-28 17:00:00,6.0,7.8203125
2012-03-28 18:00:00,13.0,8.5546875
2012-03-28 19:00:00,8.0,8.8359375
2012-03-28 20:00:00,13.0,10.1484375
2012-03-28 21:00:00,20.0,13.8671875
2012-03-28 22:00:00,27.0,19.71875
2012-03-28 23:00:00,18.0,23.90625
2012-03-29 00:00:00,25.0,25.125
2012-03-29 01:00:00,21.0,26.09375
2012-03-29 02:00:00,28.0,29.2265625
2012-03-29 03:00:00,18.0,24.9921875
2012-03-29 04:00:00,10.0,18.3515625
2012-03-29 05:00:00,5.0,13.234375
2012-03-29 06:00:00,6.0,9.0078125
2012-03-29 08:00:00,3.0,2.2109375
2012-03-29 09:00:00,1.0,1.9296875
2012-03-29 10:00:00,5.0,3.15625
2012-03-29 11:00:00,6.0,6.1484375
2012-03-29 12:00:00,10.0,8.3671875
2012-03-29 13:00:00,12.0,9.6875
2012-03-29 14:00:00,17.0,9.0234375
2012-03-29 15:00:00,8.0,9.5390625
2012-03-29 16:00:00,10.0,9.09375
2012-03-29 17:00:00,4.0,10.140625
2012-03-29 18:00:00,8.0,10.875
2012-03-29 19:00:00,6.0,11.15625
2012-03-29 20:00:00,7.0,12.46875
2012-03-29 21:00:00,14.0,16.1953125
2012-03-29 22:00:00,14.0,22.0390625
2012-03-29 23:00:00,26.0,26.2265625
2012-03-30 00:00:00,28.0,26.6640625
2012-03-30 01:00:00,28.0,27.6328125
2012-03-30 02:00:00,32.0,30.765625
2012-03-30 03:00:00,28.0,26.53125
2012-03-30 04:00:00,16.0,19.8828125
2012-03-30 05:00:00,11.0,14.7734375
2012-03-30 06:00:00,6.0,10.546875
2012-03-30 07:00:00,2.0,5.8671875
2012-03-30 08:00:00,3.0,3.7578125
2012-03-30 09:00:00,3.0,3.4765625
2012-03-30 10:00:00,9.0,4.6953125
2012-03-30 11:00:00,12.0,7.6875
2012-03-30 12:00:00,12.0,9.90625
2012-03-30 13:00:00,10.0,11.2265625
2012-03-30 14:00:00,11.0,10.5546875
2012-03-30 15:00:00,8.0,11.0859375
2012-03-30 16:00:00,16.0,10.6328125
2012-03-30 17:00:00,12.0,11.6796875
2012-03-30 18:00:00,12.0,12.4140625
2012-03-30 19:00:00,10.0,12.6953125
2012-03-30 20:00:00,15.0,14.0078125
2012-03-30 21:00:00,24.0,17.7265625
2012-03-30 22:00:00,27.0,23.5859375
2012-03-30 23:00:00,37.0,27.7734375
2012-03-31 00:00:00,31.0,35.28125
2012-03-31 01:00:00,34.0,36.25
2012-03-31 02:00:00,43.0,39.3828125
2012-03-31 03:00:00,47.0,35.1484375
2012-03-31 04:00:00,37.0,28.5078125
2012-03-31 05:00:00,40.0,23.390625
2012-03-31 06:00:00,27.0,19.1640625
2012-03-31 07:00:00,19.0,14.484375
2012-03-31 08:00:00,12.0,12.3671875
2012-03-31 09:00:00,6.0,12.0859375
2012-03-31 10:00:00,4.0,13.3125
2012-03-31 11:00:00,9.0,16.3046875
2012-03-31 12:00:00,13.0,18.5234375
2012-03-31 13:00:00,10.0,19.84375
2012-03-31 14:00:00,10.0,19.1796875
2012-03-31 15:00:00,18.0,19.6953125
2012-03-31 16:00:00,6.0,19.25
2012-03-31 17:00:00,16.0,20.296875
2012-03-31 18:00:00,18.0,21.03125
2012-03-31 19:00:00,16.0,21.3125
2012-03-31 20:00:00,25.0,22.625
2012-03-31 21:00:00,37.0,26.3515625
2012-03-31 22:00:00,45.0,32.1953125
2012-03-31 23:00:00,55.0,36.3828125
2012-04-01 00:00:00,42.0,36.1640625
2012-04-01 01:00:00,43.0,37.1328125
2012-04-01 02:00:00,66.0,40.2734375
2012-04-01 03:00:00,64.0,36.0390625
2012-04-01 04:00:00,49.0,29.390625
2012-04-01 05:00:00,33.0,24.2734375
2012-04-01 06:00:00,40.0,20.0546875
2012-04-01 07:00:00,22.0,15.3671875
2012-04-01 08:00:00,13.0,13.2578125
2012-04-01 09:00:00,7.0,12.9765625
2012-04-01 10:00:00,3.0,14.1953125
2012-04-01 11:00:00,4.0,17.1953125
2012-04-01 12:00:00,5.0,19.4140625
2012-04-01 13:00:00,11.0,20.7265625
2012-04-01 14:00:00,15.0,20.0625
2012-04-01 15:00:00,16.0,20.5859375
2012-04-01 16:00:00,11.0,20.1328125
2012-04-01 17:00:00,25.0,21.1796875
2012-04-01 18:00:00,17.0,21.9140625
2012-04-01 19:00:00,12.0,22.1953125
2012-04-01 20:00:00,24.0,23.5078125
2012-04-01 21:00:00,16.0,27.234375
2012-04-01 22:00:00,21.0,33.0859375
2012-04-01 23:00:00,17.0,37.2734375
2012-04-02 00:00:00,24.0,21.7578125
2012-04-02 01:00:00,16.0,22.7265625
2012-04-02 02:00:00,23.0,25.859375
2012-04-02 03:00:00,27.0,21.625
2012-04-02 04:00:00,13.0,14.9765625
2012-04-02 05:00:00,8.0,9.8671875
2012-04-02 06:00:00,3.0,5.640625
2012-04-02 07:00:00,1.0,0.9609375
2012-04-02 08:00:00,9.0,0
2012-04-02 09:00:00,2.0,0
2012-04-02 10:00:00,6.0,0
2012-04-02 11:00:00,12.0,2.78125
2012-04-02 12:00:00,10.0,5.0
2012-04-02 13:00:00,10.0,6.3203125
2012-04-02 14:00:00,5.0,5.6484375
2012-04-02 15:00:00,6.0,6.1796875
2012-04-02 16:00:00,5.0,5.7265625
2012-04-02 17:00:00,8.0,6.7734375
2012-04-02 18:00:00,16.0,7.5078125
2012-04-02 19:00:00,13.0,7.7890625
2012-04-02 20:00:00,12.0,9.1015625
2012-04-02 21:00:00,6.0,12.8203125
2012-04-02 22:00:00,11.0,18.6796875
2012-04-02 23:00:00,13.0,22.8671875
2012-04-03 00:00:00,11.0,21.9765625
2012-04-03 01:00:00,19.0,22.9453125
2012-04-03 02:00:00,18.0,26.078125
2012-04-03 03:00:00,7.0,21.84375
2012-04-03 04:00:00,5.0,15.1953125
2012-04-03 05:00:00,3.0,10.0859375
2012-04-03 06:00:00,2.0,5.859375
2012-04-03 08:00:00,3.0,0
2012-04-03 09:00:00,4.0,0
2012-04-03 10:00:00,6.0,0.0078125
2012-04-03 11:00:00,9.0,3.0
2012-04-03 12:00:00,12.0,5.21875
2012-04-03 13:00:00,6.0,6.5390625
2012-04-03 14:00:00,9.0,5.8671875
2012-04-03 15:00:00,8.0,6.3984375
2012-04-03 16:00:00,9.0,5.9453125
2012-04-03 17:00:00,7.0,6.9921875
2012-04-03 18:00:00,15.0,7.7265625
2012-04-03 19:00:00,13.0,8.0078125
2012-04-03 20:00:00,10.0,9.3203125
2012-04-03 21:00:00,9.0,13.0390625
2012-04-03 22:00:00,20.0,18.8984375
2012-04-03 23:00:00,21.0,23.0859375
2012-04-04 00:00:00,11.0,23.6796875
2012-04-04 01:00:00,19.0,24.6484375
2012-04-04 02:00:00,24.0,27.7734375
2012-04-04 03:00:00,15.0,23.5390625
2012-04-04 04:00:00,7.0,16.8984375
2012-04-04 05:00:00,3.0,11.7890625
2012-04-04 06:00:00,2.0,7.5546875
2012-04-04 09:00:00,2.0,0.484375
2012-04-04 10:00:00,5.0,1.7109375
2012-04-04 11:00:00,14.0,4.6953125
2012-04-04 12:00:00,10.0,6.9140625
2012-04-04 13:00:00,3.0,8.2421875
2012-04-04 14:00:00,14.0,7.5703125
2012-04-04 15:00:00,5.0,8.09375
2012-04-04 16:00:00,10.0,7.6484375
2012-04-04 17:00:00,5.0,8.6953125
2012-04-04 18:00:00,6.0,9.4296875
2012-04-04 19:00:00,8.0,9.7109375
2012-04-04 20:00:00,11.0,11.0234375
2012-04-04 21:00:00,16.0,14.7421875
2012-04-04 22:00:00,14.0,20.59375
2012-04-04 23:00:00,17.0,24.78125
2012-04-05 00:00:00,15.0,26.0
2012-04-05 01:00:00,23.0,26.96875
2012-04-05 02:00:00,20.0,30.1015625
2012-04-05 03:00:00,15.0,25.8671875
2012-04-05 04:00:00,6.0,19.2265625
2012-04-05 05:00:00,5.0,14.109375
2012-04-05 06:00:00,3.0,9.8828125
2012-04-05 07:00:00,5.0,5.203125
2012-04-05 08:00:00,4.0,3.0859375
2012-04-05 09:00:00,8.0,2.8046875
2012-04-05 10:00:00,4.0,4.03125
2012-04-05 11:00:00,5.0,7.0234375
2012-04-05 12:00:00,9.0,9.2421875
2012-04-05 13:00:00,15.0,10.5625
2012-04-05 14:00:00,8.0,9.8984375
2012-04-05 15:00:00,13.0,10.4140625
2012-04-05 16:00:00,8.0,9.96875
2012-04-05 17:00:00,9.0,11.015625
2012-04-05 18:00:00,14.0,11.75
2012-04-05 19:00:00,12.0,12.03125
2012-04-05 20:00:00,14.0,13.34375
2012-04-05 21:00:00,22.0,17.0703125
2012-04-05 22:00:00,17.0,22.9140625
2012-04-05 23:00:00,18.0,27.1015625
2012-04-06 00:00:00,34.0,27.5390625
2012-04-06 01:00:00,28.0,28.5078125
2012-04-06 02:00:00,27.0,31.640625
2012-04-06 03:00:00,23.0,27.40625
2012-04-06 04:00:00,27.0,20.7578125
2012-04-06 05:00:00,13.0,15.6484375
2012-04-06 06:00:00,2.0,11.421875
2012-04-06 07:00:00,4.0,6.7421875
2012-04-06 08:00:00,4.0,4.6328125
2012-04-06 09:00:00,3.0,4.3515625
2012-04-06 10:00:00,6.0,5.5703125
2012-04-06 11:00:00,9.0,8.5625
2012-04-06 12:00:00,8.0,10.78125
2012-04-06 13:00:00,9.0,12.1015625
2012-04-06 14:00:00,6.0,11.4296875
2012-04-06 15:00:00,7.0,11.9609375
2012-04-06 16:00:00,10.0,11.5078125
2012-04-06 17:00:00,14.0,12.5546875
2012-04-06 18:00:00,12.0,13.2890625
2012-04-06 19:00:00,11.0,13.5703125
2012-04-06 20:00:00,16.0,14.8828125
2012-04-06 21:00:00,17.0,18.6015625
2012-04-06 22:00:00,30.0,24.4609375
2012-04-06 23:00:00,26.0,28.6484375
2012-04-07 00:00:00,45.0,36.15625
2012-04-07 01:00:00,42.0,37.125
2012-04-07 02:00:00,33.0,40.2578125
2012-04-07 03:00:00,38.0,36.0234375
2012-04-07 04:00:00,27.0,29.3828125
2012-04-07 05:00:00,21.0,24.265625
2012-04-07 06:00:00,13.0,20.0390625
2012-04-07 07:00:00,11.0,15.359375
2012-04-07 08:00:00,6.0,13.2421875
2012-04-07 09:00:00,3.0,12.9609375
2012-04-07 10:00:00,3.0,14.1875
2012-04-07 11:00:00,8.0,17.1796875
2012-04-07 12:00:00,19.0,19.3984375
2012-04-07 13:00:00,12.0,20.71875
2012-04-07 14:00:00,13.0,20.0546875
2012-04-07 15:00:00,15.0,20.5703125
2012-04-07 16:00:00,12.0,20.125
2012-04-07 17:00:00,8.0,21.171875
2012-04-07 18:00:00,10.0,21.90625
2012-04-07 19:00:00,18.0,22.1875
2012-04-07 20:00:00,18.0,23.5
2012-04-07 21:00:00,14.0,27.2265625
2012-04-07 22:00:00,34.0,33.0703125
2012-04-07 23:00:00,38.0,37.2578125
2012-04-08 00:00:00,30.0,37.0390625
2012-04-08 01:00:00,40.0,38.0078125
2012-04-08 02:00:00,44.0,41.1484375
2012-04-08 03:00:00,47.0,36.9140625
2012-04-08 04:00:00,43.0,30.265625
2012-04-08 05:00:00,36.0,25.1484375
2012-04-08 06:00:00,25.0,20.9296875
2012-04-08 07:00:00,15.0,16.2421875
2012-04-08 08:00:00,7.0,14.1328125
2012-04-08 09:00:00,3.0,13.8515625
2012-04-08 10:00:00,4.0,15.0703125
2012-04-08 11:00:00,2.0,18.0703125
2012-04-08 12:00:00,6.0,20.2890625
2012-04-08 13:00:00,10.0,21.6015625
2012-04-08 14:00:00,13.0,20.9375
2012-04-08 15:00:00,15.0,21.4609375
2012-04-08 16:00:00,13.0,21.0078125
2012-04-08 17:00:00,16.0,22.0546875
2012-04-08 18:00:00,15.0,22.7890625
2012-04-08 19:00:00,18.0,23.0703125
2012-04-08 20:00:00,29.0,24.3828125
2012-04-08 21:00:00,13.0,28.109375
2012-04-08 22:00:00,21.0,33.9609375
2012-04-08 23:00:00,8.0,38.1484375
2012-04-09 00:00:00,21.0,22.6328125
2012-04-09 01:00:00,17.0,23.6015625
2012-04-09 02:00:00,21.0,26.734375
2012-04-09 03:00:00,8.0,22.5
2012-04-09 04:00:00,6.0,15.8515625
2012-04-09 05:00:00,4.0,10.7421875
2012-04-09 06:00:00,3.0,6.515625
2012-04-09 07:00:00,2.0,1.8359375
2012-04-09 08:00:00,4.0,0
2012-04-09 09:00:00,4.0,0
2012-04-09 10:00:00,7.0,0.6640625
2012-04-09 11:00:00,6.0,3.65625
2012-04-09 12:00:00,13.0,5.875
2012-04-09 13:00:00,19.0,7.1953125
2012-04-09 14:00:00,7.0,6.5234375
2012-04-09 15:00:00,10.0,7.0546875
2012-04-09 16:00:00,5.0,6.6015625
2012-04-09 17:00:00,11.0,7.6484375
2012-04-09 18:00:00,11.0,8.3828125
2012-04-09 19:00:00,10.0,8.6640625
2012-04-09 20:00:00,9.0,9.9765625
2012-04-09 21:00:00,11.0,13.6953125
2012-04-09 22:00:00,18.0,19.5546875
2012-04-09 23:00:00,15.0,23.7421875
2012-04-10 00:00:00,21.0,22.8515625
2012-04-10 01:00:00,18.0,23.8203125
2012-04-10 02:00:00,14.0,26.953125
2012-04-10 03:00:00,6.0,22.71875
2012-04-10 04:00:00,6.0,16.0703125
2012-04-10 05:00:00,3.0,10.9609375
2012-04-10 06:00:00,2.0,6.734375
2012-04-10 07:00:00,2.0,2.0546875
2012-04-10 08:00:00,4.0,0
2012-04-10 09:00:00,7.0,0
2012-04-10 10:00:00,4.0,0.8828125
2012-04-10 11:00:00,6.0,3.875
2012-04-10 12:00:00,9.0,6.09375
2012-04-10 13:00:00,9.0,7.4140625
2012-04-10 14:00:00,12.0,6.7421875
2012-04-10 15:00:00,7.0,7.2734375
2012-04-10 16:00:00,8.0,6.8203125
2012-04-10 17:00:00,8.0,7.8671875
2012-04-10 18:00:00,9.0,8.6015625
2012-04-10 19:00:00,11.0,8.8828125
2012-04-10 20:00:00,11.0,10.1953125
2012-04-10 21:00:00,9.0,13.9140625
2012-04-10 22:00:00,24.0,19.7734375
2012-04-10 23:00:00,25.0,23.9609375
2012-04-11 00:00:00,22.0,24.5546875
2012-04-11 01:00:00,17.0,25.5234375
2012-04-11 02:00:00,18.0,28.6484375
2012-04-11 03:00:00,18.0,24.4140625
2012-04-11 04:00:00,8.0,17.7734375
2012-04-11 05:00:00,10.0,12.6640625
2012-04-11 06:00:00,3.0,8.4296875
2012-04-11 07:00:00,1.0,3.7578125
2012-04-11 08:00:00,1.0,1.640625
2012-04-11 09:00:00,3.0,1.359375
2012-04-11 10:00:00,6.0,2.5859375
2012-04-11 11:00:00,11.0,5.5703125
2012-04-11 12:00:00,8.0,7.7890625
2012-04-11 13:00:00,12.0,9.1171875
2012-04-11 14:00:00,14.0,8.4453125
2012-04-11 15:00:00,9.0,8.96875
2012-04-11 16:00:00,6.0,8.5234375
2012-04-11 17:00:00,15.0,9.5703125
2012-04-11 18:00:00,8.0,10.3046875
2012-04-11 19:00:00,18.0,10.5859375
2012-04-11 20:00:00,12.0,11.8984375
2012-04-11 21:00:00,13.0,15.6171875
2012-04-11 22:00:00,27.0,21.46875
2012-04-11 23:00:00,27.0,25.65625
2012-04-12 00:00:00,19.0,26.875
2012-04-12 01:00:00,29.0,27.84375
2012-04-12 02:00:00,28.0,30.9765625
2012-04-12 03:00:00,26.0,26.7421875
2012-04-12 04:00:00,10.0,20.1015625
2012-04-12 05:00:00,9.0,14.984375
2012-04-12 06:00:00,1.0,10.7578125
2012-04-12 07:00:00,5.0,6.078125
2012-04-12 08:00:00,4.0,3.9609375
2012-04-12 09:00:00,3.0,3.6796875
2012-04-12 10:00:00,4.0,4.90625
2012-04-12 11:00:00,4.0,7.8984375
2012-04-12 12:00:00,6.0,10.1171875
2012-04-12 13:00:00,15.0,11.4375
2012-04-12 14:00:00,13.0,10.7734375
2012-04-12 15:00:00,17.0,11.2890625
2012-04-12 16:00:00,19.0,10.84375
2012-04-12 17:00:00,16.0,11.890625
2012-04-12 18:00:00,14.0,12.625
2012-04-12 19:00:00,12.0,12.90625
2012-04-12 20:00:00,21.0,14.21875
2012-04-12 21:00:00,28.0,17.9453125
2012-04-12 22:00:00,36.0,23.7890625
2012-04-12 23:00:00,32.0,27.9765625
2012-04-13 00:00:00,21.0,28.4140625
2012-04-13 01:00:00,32.0,29.3828125
2012-04-13 02:00:00,48.0,32.515625
2012-04-13 03:00:00,21.0,28.28125
2012-04-13 04:00:00,15.0,21.6328125
2012-04-13 05:00:00,15.0,16.5234375
2012-04-13 06:00:00,13.0,12.296875
2012-04-13 07:00:00,2.0,7.6171875
2012-04-13 08:00:00,6.0,5.5078125
2012-04-13 09:00:00,6.0,5.2265625
2012-04-13 10:00:00,8.0,6.4453125
2012-04-13 11:00:00,8.0,9.4375
2012-04-13 12:00:00,15.0,11.65625
2012-04-13 13:00:00,19.0,12.9765625
2012-04-13 14:00:00,19.0,12.3046875
2012-04-13 15:00:00,12.0,12.8359375
2012-04-13 16:00:00,10.0,12.3828125
2012-04-13 17:00:00,16.0,13.4296875
2012-04-13 18:00:00,17.0,14.1640625
2012-04-13 19:00:00,16.0,14.4453125
2012-04-13 20:00:00,10.0,15.7578125
2012-04-13 21:00:00,28.0,19.4765625
2012-04-13 22:00:00,24.0,25.3359375
2012-04-13 23:00:00,37.0,29.5234375
2012-04-14 00:00:00,49.0,37.03125
2012-04-14 01:00:00,45.0,38.0
2012-04-14 02:00:00,52.0,41.1328125
2012-04-14 03:00:00,45.0,36.8984375
2012-04-14 04:00:00,36.0,30.2578125
2012-04-14 05:00:00,11.0,25.140625
2012-04-14 06:00:00,12.0,20.9140625
2012-04-14 07:00:00,9.0,16.234375
2012-04-14 08:00:00,9.0,14.1171875
2012-04-14 09:00:00,5.0,13.8359375
2012-04-14 10:00:00,7.0,15.0625
2012-04-14 11:00:00,8.0,18.0546875
2012-04-14 12:00:00,12.0,20.2734375
2012-04-14 13:00:00,10.0,21.59375
2012-04-14 14:00:00,16.0,20.9296875
2012-04-14 15:00:00,19.0,21.4453125
2012-04-14 16:00:00,20.0,21.0
2012-04-14 17:00:00,21.0,22.046875
2012-04-14 18:00:00,19.0,22.78125
2012-04-14 19:00:00,24.0,23.0625
2012-04-14 20:00:00,21.0,24.375
2012-04-14 21:00:00,30.0,28.1015625
2012-04-14 22:00:00,71.0,33.9453125
2012-04-14 23:00:00,63.0,38.1328125
2012-04-15 00:00:00,56.0,37.9140625
2012-04-15 01:00:00,59.0,38.8828125
2012-04-15 02:00:00,70.0,42.0234375
2012-04-15 03:00:00,70.0,37.7890625
2012-04-15 04:00:00,54.0,31.140625
2012-04-15 05:00:00,55.0,26.0234375
2012-04-15 06:00:00,31.0,21.8046875
2012-04-15 07:00:00,12.0,17.1171875
2012-04-15 09:00:00,2.0,14.7265625
2012-04-15 10:00:00,1.0,15.9453125
2012-04-15 14:00:00,13.0,21.8125
2012-04-15 15:00:00,18.0,22.3359375
2012-04-15 16:00:00,19.0,21.8828125
2012-04-15 17:00:00,22.0,22.9296875
2012-04-15 18:00:00,17.0,23.6640625
2012-04-15 19:00:00,23.0,23.9453125
2012-04-15 20:00:00,17.0,25.2578125
2012-04-15 21:00:00,24.0,28.984375
2012-04-15 22:00:00,19.0,34.8359375
2012-04-15 23:00:00,21.0,39.0234375
2012-04-16 00:00:00,17.0,23.5078125
2012-04-16 01:00:00,23.0,24.4765625
2012-04-16 02:00:00,22.0,27.609375
2012-04-16 03:00:00,11.0,23.375
2012-04-16 04:00:00,11.0,16.7265625
2012-04-16 05:00:00,5.0,11.6171875
2012-04-16 06:00:00,4.0,7.390625
2012-04-16 07:00:00,3.0,2.7109375
2012-04-16 08:00:00,3.0,0.6015625
2012-04-16 09:00:00,9.0,0.3203125
2012-04-16 10:00:00,1.0,1.5390625
2012-04-16 11:00:00,8.0,4.53125
2012-04-16 12:00:00,10.0,6.75
2012-04-16 13:00:00,16.0,8.0703125
2012-04-16 14:00:00,11.0,7.3984375
2012-04-16 15:00:00,11.0,7.9296875
2012-04-16 16:00:00,3.0,7.4765625
2012-04-16 17:00:00,8.0,8.5234375
2012-04-16 18:00:00,9.0,9.2578125
2012-04-16 19:00:00,17.0,9.5390625
2012-04-16 20:00:00,12.0,10.8515625
2012-04-16 21:00:00,14.0,14.5703125
2012-04-16 22:00:00,10.0,20.4296875
2012-04-16 23:00:00,27.0,24.6171875
2012-04-17 00:00:00,19.0,23.7265625
2012-04-17 01:00:00,17.0,24.6953125
2012-04-17 02:00:00,17.0,27.828125
2012-04-17 03:00:00,16.0,23.59375
2012-04-17 04:00:00,8.0,16.9453125
2012-04-17 05:00:00,5.0,11.8359375
2012-04-17 06:00:00,1.0,7.609375
2012-04-17 07:00:00,1.0,2.9296875
2012-04-17 08:00:00,2.0,0.8203125
2012-04-17 09:00:00,6.0,0.5390625
2012-04-17 10:00:00,4.0,1.7578125
2012-04-17 11:00:00,9.0,4.75
2012-04-17 12:00:00,18.0,6.96875
2012-04-17 13:00:00,14.0,8.2890625
2012-04-17 14:00:00,8.0,7.6171875
2012-04-17 15:00:00,12.0,8.1484375
2012-04-17 16:00:00,9.0,7.6953125
2012-04-17 17:00:00,17.0,8.7421875
2012-04-17 18:00:00,12.0,9.4765625
2012-04-17 19:00:00,10.0,9.7578125
2012-04-17 20:00:00,14.0,11.0703125
2012-04-17 21:00:00,15.0,14.7890625
2012-04-17 22:00:00,20.0,20.6484375
2012-04-17 23:00:00,16.0,24.8359375
2012-04-18 00:00:00,18.0,25.4296875
2012-04-18 01:00:00,19.0,26.3984375
2012-04-18 02:00:00,26.0,29.5234375
2012-04-18 03:00:00,17.0,25.2890625
2012-04-18 04:00:00,6.0,18.6484375
2012-04-18 05:00:00,6.0,13.5390625
2012-04-18 06:00:00,2.0,9.3046875
2012-04-18 07:00:00,2.0,4.6328125
2012-04-18 09:00:00,4.0,2.234375
2012-04-18 10:00:00,8.0,3.4609375
2012-04-18 11:00:00,7.0,6.4453125
2012-04-18 12:00:00,10.0,8.6640625
2012-04-18 13:00:00,20.0,9.9921875
2012-04-18 14:00:00,13.0,9.3203125
2012-04-18 15:00:00,10.0,9.84375
2012-04-18 16:00:00,17.0,9.3984375
2012-04-18 17:00:00,13.0,10.4453125
2012-04-18 18:00:00,20.0,11.1796875
2012-04-18 19:00:00,17.0,11.4609375
2012-04-18 20:00:00,16.0,12.7734375
2012-04-18 21:00:00,26.0,16.4921875
2012-04-18 22:00:00,29.0,22.34375
2012-04-18 23:00:00,29.0,26.53125
2012-04-19 00:00:00,25.0,27.75
2012-04-19 01:00:00,25.0,28.71875
2012-04-19 02:00:00,26.0,31.8515625
2012-04-19 03:00:00,23.0,27.6171875
2012-04-19 04:00:00,13.0,20.9765625
2012-04-19 05:00:00,9.0,15.859375
2012-04-19 06:00:00,3.0,11.6328125
2012-04-19 07:00:00,1.0,6.953125
2012-04-19 08:00:00,8.0,4.8359375
2012-04-19 09:00:00,6.0,4.5546875
2012-04-19 10:00:00,10.0,5.78125
2012-04-19 11:00:00,16.0,8.7734375
2012-04-19 12:00:00,15.0,10.9921875
2012-04-19 13:00:00,26.0,12.3125
2012-04-19 14:00:00,20.0,11.6484375
2012-04-19 15:00:00,11.0,12.1640625
2012-04-19 16:00:00,11.0,11.71875
2012-04-19 17:00:00,13.0,12.765625
2012-04-19 18:00:00,23.0,13.5
2012-04-19 19:00:00,24.0,13.78125
2012-04-19 20:00:00,20.0,15.09375
2012-04-19 21:00:00,23.0,18.8203125
2012-04-19 22:00:00,34.0,24.6640625
2012-04-19 23:00:00,43.0,28.8515625
2012-04-20 00:00:00,39.0,29.2890625
2012-04-20 01:00:00,37.0,30.2578125
2012-04-20 02:00:00,37.0,33.390625
2012-04-20 03:00:00,35.0,29.15625
2012-04-20 04:00:00,13.0,22.5078125
2012-04-20 05:00:00,19.0,17.3984375
2012-04-20 06:00:00,8.0,13.171875
2012-04-20 07:00:00,2.0,8.4921875
2012-04-20 08:00:00,4.0,6.3828125
2012-04-20 09:00:00,4.0,6.1015625
2012-04-20 10:00:00,9.0,7.3203125
2012-04-20 11:00:00,18.0,10.3125
2012-04-20 12:00:00,18.0,12.53125
2012-04-20 13:00:00,18.0,13.8515625
2012-04-20 14:00:00,8.0,13.1796875
2012-04-20 15:00:00,17.0,13.7109375
2012-04-20 16:00:00,13.0,13.2578125
2012-04-20 17:00:00,17.0,14.3046875
2012-04-20 18:00:00,18.0,15.0390625
2012-04-20 19:00:00,18.0,15.3203125
2012-04-20 20:00:00,1.0,16.6328125
2012-04-20 21:00:00,19.0,20.3515625
2012-04-20 22:00:00,45.0,26.2109375
2012-04-20 23:00:00,45.0,30.3984375
2012-04-21 00:00:00,48.0,37.90625
2012-04-21 01:00:00,48.0,38.875
2012-04-21 02:00:00,65.0,42.0078125
2012-04-21 03:00:00,40.0,37.7734375
2012-04-21 04:00:00,40.0,31.1328125
2012-04-21 05:00:00,36.0,26.015625
2012-04-21 06:00:00,30.0,21.7890625
2012-04-21 07:00:00,9.0,17.109375
2012-04-21 08:00:00,10.0,14.9921875
2012-04-21 09:00:00,2.0,14.7109375
2012-04-21 10:00:00,6.0,15.9375
2012-04-21 11:00:00,7.0,18.9296875
2012-04-21 12:00:00,11.0,21.1484375
2012-04-21 13:00:00,13.0,22.46875
2012-04-21 14:00:00,19.0,21.8046875
2012-04-21 15:00:00,12.0,22.3203125
2012-04-21 16:00:00,22.0,21.875
2012-04-21 17:00:00,18.0,22.921875
2012-04-21 18:00:00,25.0,23.65625
2012-04-21 19:00:00,23.0,23.9375
2012-04-21 20:00:00,40.0,25.25
2012-04-21 21:00:00,41.0,28.9765625
2012-04-21 22:00:00,66.0,34.8203125
2012-04-21 23:00:00,106.0,39.0078125
2012-04-22 00:00:00,89.0,38.7890625
2012-04-22 01:00:00,65.0,39.7578125
2012-04-22 02:00:00,78.0,42.8984375
2012-04-22 03:00:00,77.0,38.6640625
2012-04-22 04:00:00,46.0,32.015625
2012-04-22 05:00:00,42.0,26.8984375
2012-04-22 06:00:00,33.0,22.6796875
2012-04-22 07:00:00,14.0,17.9921875
2012-04-22 08:00:00,10.0,15.8828125
2012-04-22 09:00:00,9.0,15.6015625
2012-04-22 10:00:00,5.0,16.8203125
2012-04-22 11:00:00,5.0,19.8203125
2012-04-22 12:00:00,14.0,22.0390625
2012-04-22 13:00:00,18.0,23.3515625
2012-04-22 14:00:00,19.0,22.6875
2012-04-22 15:00:00,25.0,23.2109375
2012-04-22 16:00:00,28.0,22.7578125
2012-04-22 17:00:00,38.0,23.8046875
2012-04-22 18:00:00,39.0,24.5390625
2012-04-22 19:00:00,36.0,24.8203125
2012-04-22 20:00:00,34.0,26.1328125
2012-04-22 21:00:00,28.0,29.859375
2012-04-22 22:00:00,38.0,35.7109375
2012-04-22 23:00:00,27.0,39.8984375
2012-04-23 00:00:00,39.0,24.3828125
2012-04-23 01:00:00,29.0,25.3515625
2012-04-23 02:00:00,31.0,28.484375
2012-04-23 03:00:00,11.0,24.25
2012-04-23 04:00:00,13.0,17.6015625
2012-04-23 05:00:00,6.0,12.4921875
2012-04-23 06:00:00,2.0,8.265625
2012-04-23 07:00:00,3.0,3.5859375
2012-04-23 08:00:00,4.0,1.4765625
2012-04-23 09:00:00,9.0,1.1953125
2012-04-23 10:00:00,8.0,2.4140625
2012-04-23 11:00:00,13.0,5.40625
2012-04-23 12:00:00,12.0,7.625
2012-04-23 13:00:00,12.0,8.9453125
2012-04-23 14:00:00,14.0,8.2734375
2012-04-23 15:00:00,13.0,8.8046875
2012-04-23 16:00:00,16.0,8.3515625
2012-04-23 17:00:00,15.0,9.3984375
2012-04-23 18:00:00,16.0,10.1328125
2012-04-23 19:00:00,13.0,10.4140625
2012-04-23 20:00:00,13.0,11.7265625
2012-04-23 21:00:00,22.0,15.4453125
2012-04-23 22:00:00,21.0,21.3046875
2012-04-23 23:00:00,24.0,25.4921875
2012-04-24 00:00:00,18.0,24.6015625
2012-04-24 01:00:00,26.0,25.5703125
2012-04-24 02:00:00,19.0,28.703125
2012-04-24 03:00:00,14.0,24.46875
2012-04-24 04:00:00,7.0,17.8203125
2012-04-24 05:00:00,7.0,12.7109375
2012-04-24 06:00:00,2.0,8.484375
2012-04-24 07:00:00,1.0,3.8046875
2012-04-24 08:00:00,1.0,1.6953125
2012-04-24 09:00:00,3.0,1.4140625
2012-04-24 10:00:00,2.0,2.6328125
2012-04-24 11:00:00,14.0,5.625
2012-04-24 12:00:00,10.0,7.84375
2012-04-24 13:00:00,10.0,9.1640625
2012-04-24 14:00:00,11.0,8.4921875
2012-04-24 15:00:00,11.0,9.0234375
2012-04-24 16:00:00,12.0,8.5703125
2012-04-24 17:00:00,13.0,9.6171875
2012-04-24 18:00:00,15.0,10.3515625
2012-04-24 19:00:00,18.0,10.6328125
2012-04-24 20:00:00,20.0,11.9453125
2012-04-24 21:00:00,16.0,15.6640625
2012-04-24 22:00:00,22.0,21.5234375
2012-04-24 23:00:00,28.0,25.7109375
2012-04-25 00:00:00,22.0,26.296875
2012-04-25 01:00:00,35.0,27.265625
2012-04-25 02:00:00,18.0,30.3984375
2012-04-25 03:00:00,20.0,26.1640625
2012-04-25 04:00:00,4.0,19.5234375
2012-04-25 05:00:00,8.0,14.4140625
2012-04-25 06:00:00,3.0,10.1796875
2012-04-25 08:00:00,1.0,3.390625
2012-04-25 09:00:00,2.0,3.109375
2012-04-25 10:00:00,3.0,4.3359375
2012-04-25 11:00:00,12.0,7.3203125
2012-04-25 12:00:00,15.0,9.5390625
2012-04-25 13:00:00,12.0,10.8671875
2012-04-25 14:00:00,9.0,10.1953125
2012-04-25 15:00:00,17.0,10.71875
2012-04-25 16:00:00,14.0,10.2734375
2012-04-25 17:00:00,14.0,11.3203125
2012-04-25 18:00:00,12.0,12.0546875
2012-04-25 19:00:00,18.0,12.3359375
2012-04-25 20:00:00,16.0,13.6484375
2012-04-25 21:00:00,28.0,17.3671875
2012-04-25 22:00:00,28.0,23.21875
2012-04-25 23:00:00,23.0,27.40625
2012-04-26 00:00:00,25.0,28.6171875
2012-04-26 01:00:00,35.0,29.5859375
2012-04-26 02:00:00,33.0,32.7265625
2012-04-26 03:00:00,26.0,28.4921875
2012-04-26 04:00:00,14.0,21.8515625
2012-04-26 05:00:00,9.0,16.734375
2012-04-26 06:00:00,3.0,12.5078125
2012-04-26 07:00:00,3.0,7.828125
2012-04-26 08:00:00,2.0,5.7109375
2012-04-26 09:00:00,6.0,5.4296875
2012-04-26 10:00:00,13.0,6.65625
2012-04-26 11:00:00,13.0,9.6484375
2012-04-26 12:00:00,24.0,11.8671875
2012-04-26 13:00:00,25.0,13.1875
2012-04-26 14:00:00,16.0,12.5234375
2012-04-26 15:00:00,12.0,13.0390625
2012-04-26 16:00:00,18.0,12.59375
2012-04-26 17:00:00,17.0,13.640625
2012-04-26 18:00:00,13.0,14.375
2012-04-26 19:00:00,18.0,14.65625
2012-04-26 20:00:00,19.0,15.96875
2012-04-26 21:00:00,22.0,19.6953125
2012-04-26 22:00:00,34.0,25.5390625
2012-04-26 23:00:00,48.0,29.7265625
2012-04-27 00:00:00,31.0,30.1640625
2012-04-27 01:00:00,31.0,31.1328125
2012-04-27 02:00:00,32.0,34.265625
2012-04-27 03:00:00,40.0,30.03125
2012-04-27 04:00:00,23.0,23.3828125
2012-04-27 05:00:00,8.0,18.2734375
2012-04-27 06:00:00,8.0,14.046875
2012-04-27 07:00:00,4.0,9.3671875
2012-04-27 08:00:00,7.0,7.2578125
2012-04-27 09:00:00,7.0,6.9765625
2012-04-27 10:00:00,9.0,8.1953125
2012-04-27 11:00:00,13.0,11.1875
2012-04-27 12:00:00,20.0,13.40625
2012-04-27 13:00:00,16.0,14.7265625
2012-04-27 14:00:00,17.0,14.0546875
2012-04-27 15:00:00,11.0,14.5859375
2012-04-27 16:00:00,15.0,14.1328125
2012-04-27 17:00:00,10.0,15.1796875
2012-04-27 18:00:00,4.0,15.9140625
2012-04-27 19:00:00,3.0,16.1953125
2012-04-27 20:00:00,3.0,17.5078125
2012-04-27 21:00:00,1.0,21.2265625
2012-04-27 22:00:00,2.0,27.0859375
2012-04-27 23:00:00,12.0,31.2734375
2012-04-28 00:00:00,38.0,38.7734375
2012-04-28 01:00:00,48.0,39.7421875
2012-04-28 02:00:00,55.0,42.8828125
2012-04-28 03:00:00,53.0,38.6484375
2012-04-28 04:00:00,36.0,32.0078125
2012-04-28 05:00:00,28.0,26.890625
2012-04-28 06:00:00,23.0,22.6640625
2012-04-28 07:00:00,18.0,17.984375
2012-04-28 08:00:00,4.0,15.8671875
2012-04-28 09:00:00,6.0,15.5859375
2012-04-28 10:00:00,9.0,16.8125
2012-04-28 11:00:00,8.0,19.8046875
2012-04-28 12:00:00,10.0,22.0234375
2012-04-28 13:00:00,16.0,23.34375
2012-04-28 14:00:00,16.0,22.6796875
2012-04-28 15:00:00,19.0,23.1953125
2012-04-28 16:00:00,25.0,22.75
2012-04-28 17:00:00,21.0,23.796875
2012-04-28 18:00:00,26.0,24.53125
2012-04-28 19:00:00,27.0,24.8125
2012-04-28 20:00:00,36.0,26.125
2012-04-28 21:00:00,52.0,29.8515625
2012-04-28 22:00:00,60.0,35.6953125
2012-04-28 23:00:00,67.0,39.8828125
2012-04-29 00:00:00,57.0,39.6640625
2012-04-29 01:00:00,60.0,40.6328125
2012-04-29 02:00:00,82.0,43.765625
2012-04-29 03:00:00,70.0,39.53125
2012-04-29 04:00:00,64.0,32.8828125
2012-04-29 05:00:00,65.0,27.7734375
2012-04-29 06:00:00,38.0,23.546875
2012-04-29 07:00:00,14.0,18.8671875
2012-04-29 08:00:00,17.0,16.7578125
2012-04-29 09:00:00,8.0,16.4765625
2012-04-29 10:00:00,7.0,17.6953125
2012-04-29 11:00:00,5.0,20.6875
2012-04-29 12:00:00,6.0,22.90625
2012-04-29 13:00:00,15.0,24.2265625
2012-04-29 14:00:00,16.0,23.5546875
2012-04-29 15:00:00,24.0,24.0859375
2012-04-29 16:00:00,13.0,23.6328125
2012-04-29 17:00:00,20.0,24.6796875
2012-04-29 18:00:00,16.0,25.4140625
2012-04-29 19:00:00,12.0,25.6953125
2012-04-29 20:00:00,11.0,27.0078125
2012-04-29 21:00:00,22.0,30.7265625
2012-04-29 22:00:00,18.0,36.5859375
2012-04-29 23:00:00,25.0,40.7734375
2012-04-30 00:00:00,23.0,25.2578125
2012-04-30 01:00:00,20.0,26.2265625
2012-04-30 02:00:00,13.0,29.3515625
2012-04-30 03:00:00,18.0,25.1171875
2012-04-30 04:00:00,5.0,18.46875
2012-04-30 05:00:00,8.0,13.359375
2012-04-30 06:00:00,4.0,9.1328125
2012-04-30 07:00:00,3.0,4.453125
2012-04-30 08:00:00,2.0,2.34375
2012-04-30 09:00:00,5.0,2.0625
2012-04-30 10:00:00,2.0,3.28125
2012-04-30 11:00:00,4.0,6.2734375
2012-04-30 12:00:00,10.0,8.4921875
2012-04-30 13:00:00,10.0,9.8125
2012-04-30 14:00:00,12.0,9.140625
2012-04-30 15:00:00,10.0,9.671875
2012-04-30 16:00:00,12.0,9.21875
2012-04-30 17:00:00,6.0,10.265625
2012-04-30 18:00:00,7.0,11.0
2012-04-30 19:00:00,8.0,11.28125
2012-04-30 20:00:00,13.0,12.59375
2012-04-30 21:00:00,17.0,16.3125
2012-04-30 22:00:00,16.0,22.171875
2012-04-30 23:00:00,16.0,26.359375
